<?xml version="1.0" encoding="UTF-8"?>
<DocSetNodes version="1.0">
    <TOC>
        <Node type="folder">
            <Name>iCloud Framework</Name>
            <Path>index.html</Path>
			<Subnodes>
                
				
				<Node type="folder">
					<Name>Classes</Name>
					<Path>index.html</Path>
					<Subnodes>
						<NodeRef refid="1"/>
						<NodeRef refid="2"/>
						
					</Subnodes>
				</Node>
				
				
				
				<Node type="folder">
					<Name>Protocols</Name>
					<Path>index.html</Path>
					<Subnodes>
						<NodeRef refid="3"/>
						<NodeRef refid="4"/>
						
					</Subnodes>
				</Node>
				
			</Subnodes>
        </Node>
    </TOC>
	<Library>
		
		<Node id="1" type="file">
			<Name>iCloud</Name>
			<Path>Classes/iCloud.html</Path>
		</Node>
		<Node id="2" type="file">
			<Name>iCloudDocument</Name>
			<Path>Classes/iCloudDocument.html</Path>
		</Node>
		
		
		<Node id="3" type="file">
			<Name>iCloudDelegate</Name>
			<Path>Protocols/iCloudDelegate.html</Path>
		</Node>
		<Node id="4" type="file">
			<Name>iCloudDocumentDelegate</Name>
			<Path>Protocols/iCloudDocumentDelegate.html</Path>
		</Node>
		
	</Library>
</DocSetNodes>